-- --------------------------------------------------------
-- 호스트:                          127.0.0.1
-- 서버 버전:                        5.7.20 - MySQL Community Server (GPL)
-- 서버 OS:                        Win64
-- HeidiSQL 버전:                  9.5.0.5196
-- --------------------------------------------------------

/*!40101 SET @OLD_CHARACTER_SET_CLIENT=@@CHARACTER_SET_CLIENT */;
/*!40101 SET NAMES utf8 */;
/*!50503 SET NAMES utf8mb4 */;
/*!40014 SET @OLD_FOREIGN_KEY_CHECKS=@@FOREIGN_KEY_CHECKS, FOREIGN_KEY_CHECKS=0 */;
/*!40101 SET @OLD_SQL_MODE=@@SQL_MODE, SQL_MODE='NO_AUTO_VALUE_ON_ZERO' */;


-- hyeok 데이터베이스 구조 내보내기
CREATE DATABASE IF NOT EXISTS `hyeok` /*!40100 DEFAULT CHARACTER SET utf8 */;
USE `hyeok`;

-- 테이블 hyeok.board 구조 내보내기
CREATE TABLE IF NOT EXISTS `board` (
  `no` int(11) NOT NULL AUTO_INCREMENT,
  `id` int(11) NOT NULL,
  `title` varchar(30) NOT NULL,
  `contents` varchar(3000) NOT NULL,
  `name` varchar(20) NOT NULL,
  `department` varchar(20) NOT NULL,
  `category` varchar(20) NOT NULL,
  `del_y` char(4) NOT NULL DEFAULT 'N',
  `time` timestamp NOT NULL DEFAULT CURRENT_TIMESTAMP ON UPDATE CURRENT_TIMESTAMP,
  PRIMARY KEY (`no`)
) ENGINE=InnoDB AUTO_INCREMENT=37 DEFAULT CHARSET=utf8 COMMENT='보드\r\n';

-- 테이블 데이터 hyeok.board:~26 rows (대략적) 내보내기
/*!40000 ALTER TABLE `board` DISABLE KEYS */;
INSERT INTO `board` (`no`, `id`, `title`, `contents`, `name`, `department`, `category`, `del_y`, `time`) VALUES
	(1, 688273097, '현 운정입니다 바로 월택 구합니다 3분 선착 ㄱㄱ', '<p>현금 천원씩만 내주세요 계좌이체 가능 675201 00 066726 국민 최혁ㄱㄱ</p>\n', '최 혁', '컴퓨터공학과', '월택/분실', 'N', '2018-01-23 17:22:16'),
	(2, 688273097, '컴공 남자 셋이랑 과팅하실분', '<p>과팅 후 마우스 증정해드립니다.</p>\n', '최 혁', '컴퓨터공학과', '과팅', 'Y', '2018-01-23 17:40:42'),
	(3, 688273097, '컴공 윈도우 시험 뭐나오나요 센빠이들 ㅠㅠ', '<p>알려주신다면 두식 쏘겠습니다</p>\n', '최 혁', '컴퓨터공학과', '시험족보', 'N', '2018-01-23 17:24:06'),
	(4, 688273097, '점심시간에 탁구 음료수빵 하실분?', '<p>프로군대탁구어 입니다 덤비세요</p>\n', '최 혁', '컴퓨터공학과', '스포츠', 'N', '2018-01-23 17:25:09'),
	(5, 705739749, '매일 아침 월택타실분?', '<p>매일 아침 8시 40분에 만나서 월택타실분 구합니다~ 1/n로 조지실분?</p>\n', '박기윤', '컴퓨터공학과', '월택/분실', 'N', '2018-01-23 17:25:44'),
	(6, 688273097, '저녁 8시에 산학관 2층에서 족발드실분', '<p>졸작때문에 남는데 혼자라서.. 배달 같이 드실분</p>\n', '최 혁', '컴퓨터공학과', '밥한끼', 'N', '2018-01-23 17:25:59'),
	(7, 688273097, '컴공 16 학번 임채영씨', '<p>사랑합니다</p>\n', '최 혁', '의료복지행정과', '대나무숲(익명글)', 'N', '2018-01-23 17:53:02'),
	(8, 705739749, 'vs 컴공 축구(11:11) 풋살(6:6) 구합니다.', '<p>축구는 운정체육공원에서 할 예정이고 풋살경기시 행신동 세븐풋살장 이용 예정입니다.</p>\n\n<p>관심있으신 과는 연락주세요!!~</p>\n', '박기윤', '컴퓨터공학과', '스포츠', 'N', '2018-01-23 17:28:30'),
	(9, 705739749, '컴공 시험족보', '<p>컴공 시험 잘 보고싶으면 여자로 태어나라</p>\n', '박기윤', '컴퓨터공학과', '시험족보', 'N', '2018-01-23 17:29:19'),
	(10, 705739749, '오늘 점심에..', '<p>오늘 점심에 출장뷔페 시켜먹으실분?</p>\n', '박기윤', '컴퓨터공학과', '밥한끼', 'N', '2018-01-23 17:31:05'),
	(11, 705739749, '컴공 학회장님', '<p>지금 학회장말고 전 학회장(14학번)님 덩치 좋아보이시던데 저랑 싸움한번 하실래요?</p>\n\n<p>참고로 제 스펙을 말하자면 키2m30cm, 몸무게 47kg, 34-24-34 완벽사이즈</p>\n\n<p>운전면허 1종, BBQ배달 아르바이트경험, 초등학교 4학년 수학경시대회 금상 등 화려한 경력을 가지고있고</p>\n\n<p>태권도37단, 유도12단, 합기도 27단, 주부9단, 자진모리장단 등 무술 합189단입니다.</p>\n\n<p>자신 있으시면 댓글 다세요.</p>\n\n<p>따로 연락 드리겠습니다.</p>\n', '박기윤', '컴퓨터공학과', '대나무숲(익명글)', 'N', '2018-01-23 17:37:14'),
	(12, 705770651, 'IU', '<p>IU는 이쁩니다</p>\n', '문기완', '컴퓨터공학과', '대나무숲(익명글)', 'N', '2018-01-23 18:03:37'),
	(13, 694896745, '이해가 안되네요 ', '<p>익명글에 왜 댓글은 공개죠 ? 댓글도 익명으로 적을수있게 해주세요&nbsp;</p>\n', '임채영', '컴퓨터공학과', '대나무숲(익명글)', 'N', '2018-01-23 18:06:38'),
	(14, 705781630, '매일 아침 8시30분에 같이 월택하실분?', '<p>같이좀 타고가요</p>\n', '백인호', '컴퓨터공학과', '월택/분실', 'N', '2018-01-23 18:18:52'),
	(15, 688273097, '현 금촌 급하게 2명구합니다', '<p>이시간에 탈사람이 있는지 모르곘지만 타면 내드리겠습니다 ㄱㄱㄱ 대신 늦으면 얄짤없습니다 베이지 곰돌이모자 보면 말걸어주세요</p>\n', '최 혁', '컴퓨터공학과', '월택/분실', 'N', '2018-01-24 11:38:43'),
	(26, 688273097, '솔직히 구디', '<p>학교보다 훨나은듯.. ㅇㅈ ㅇㅇㅈ 익명 보장되겠죠?</p>\n', '최 혁', '외부인', '대나무숲(익명글)', 'N', '2018-01-24 14:26:00'),
	(27, 688273097, '2대2 과팅하실분', '<p>17학번 신입생이구요 제친구 전지현이랑 같이 재밌게 노실분ㅎ</p>\n', '김태희', '방송과', '과팅', 'N', '2018-01-24 14:29:48'),
	(28, 688273097, '3대3 밥좀 사주실분', '<p>얼굴로 먹고사는중이라.. 밥좀 사주실분 제친구 현빈 원빈&nbsp; 3빈 출격합니다.</p>\n', '황보빈', '컴퓨터공학과', '과팅', 'N', '2018-01-24 20:13:36'),
	(29, 688273097, '학식먹을때 예절좀 지킵시다.', '<p>오늘 점심에 학식 발권하는데 남자 2분 새치기 개쩌네요 ㅡㅡ 기분나쁘게&nbsp; 담부터 그러지마세요 뽀뽀해버리기전에</p>\n', '최 혁', '외부인', '대나무숲(익명글)', 'N', '2018-01-24 16:25:08'),
	(30, 688273097, '피자', '<p><img alt="" src="http://gudi.iptime.org:1111/upload/images/20180124014218_20180124_122004.jpg" style="height:113px; width:200px" />사먹고 맛보고 사먹어버리기 사업 어떤가요?</p>\n', '최 혁', '컴퓨터공학과', '밥한끼', 'N', '2018-01-24 19:24:10'),
	(31, 688273097, '피자드실분', '<p><img alt="" src="http://gudi.iptime.org:1111/upload/images/20180124015934_20180124_122004.jpg" style="height:5214px; width:600px" />피자 개꿀인듯</p>\n', '최 혁', '컴퓨터공학과', '밥한끼', 'N', '2018-01-24 19:16:00'),
	(32, 688273097, '제 카드좀 찾아주세요', '<p><img alt="" src="http://gudi.iptime.org:1111/upload/images/20180124021900_20180114_102549251.jpg" style="height:150px; width:84px" />운정역에서 잃어버렸습니다..</p>\n', '최 혁', '컴퓨터공학과', '월택/분실', 'N', '2018-01-24 19:19:35'),
	(33, 688273097, '컴공 입학예정입니다', '<p>단톡방 같은건 없나요..? 혹시 또 학교 분위기는 어떤지 궁금합니다.</p>\n', '최 혁', '외부인', '대나무숲(익명글)', 'N', '2018-01-25 09:49:33'),
	(34, 688273097, '점심먹고 탁구 치실분!', '<p>탁구치실분 저는 군대에 많이쳤습니다. 음료수내기 ㄱㄱ 수정!</p>\n', '최 혁', '컴퓨터공학과', '스포츠', 'Y', '2018-01-25 10:24:40'),
	(35, 688273097, '점심시간에 같이 식사하실분.', '<p>수정하겠습니다</p>\n', '최 혁', '보육복지과', '스포츠', 'Y', '2018-01-25 16:29:16'),
	(36, 710260368, 'test', '<p>123</p>\n', '근형', '스마트자동차과', '대나무숲(익명글)', 'N', '2018-01-29 15:02:58');
/*!40000 ALTER TABLE `board` ENABLE KEYS */;

-- 테이블 hyeok.comment 구조 내보내기
CREATE TABLE IF NOT EXISTS `comment` (
  `no` int(11) NOT NULL AUTO_INCREMENT,
  `boardid` int(11) NOT NULL,
  `kakaoid` int(11) NOT NULL,
  `name` varchar(20) NOT NULL,
  `contents` varchar(400) NOT NULL,
  `del_y` varchar(8) NOT NULL DEFAULT 'N',
  `time` timestamp NOT NULL DEFAULT CURRENT_TIMESTAMP ON UPDATE CURRENT_TIMESTAMP,
  PRIMARY KEY (`no`),
  KEY `boardid` (`boardid`),
  CONSTRAINT `FK_comment_board` FOREIGN KEY (`boardid`) REFERENCES `board` (`no`)
) ENGINE=InnoDB AUTO_INCREMENT=138 DEFAULT CHARSET=utf8;

-- 테이블 데이터 hyeok.comment:~31 rows (대략적) 내보내기
/*!40000 ALTER TABLE `comment` DISABLE KEYS */;
INSERT INTO `comment` (`no`, `boardid`, `kakaoid`, `name`, `contents`, `del_y`, `time`) VALUES
	(50, 1, 123456789, '최 혁', '가자고 ! 어서!', 'N', '2018-01-23 18:52:06'),
	(51, 11, 688273097, '최 혁', '바뀌냐', 'N', '2018-01-23 18:52:06'),
	(52, 11, 705739749, '박기윤', '와 스펙보소...', 'N', '2018-01-23 18:52:06'),
	(53, 5, 694896745, '임채영', 'tesst', 'N', '2018-01-24 13:43:25'),
	(54, 4, 694896745, '임채영', '님 저번에 저한테 발렸잖음', 'N', '2018-01-23 18:52:06'),
	(55, 6, 694896745, '임채영', '같이머거요', 'N', '2018-01-24 14:24:58'),
	(57, 7, 694896745, '임채영', '남친있어요 ', 'N', '2018-01-23 18:52:06'),
	(58, 11, 694896745, '임채영', 'ㅋㅋㅋㅋㅋㅋㅋㅋㅋㅋㅋㅋㅋㅋㅋㅋㅋㅋㅋㅋㅋㅋㅋㅋㅋㅋㅋㅋㅋㅋㅋㅋㅋㅋㅋㅋㅋㅋㅋㅋㅋㅋㅋㅋㅋㅋㅋㅋㅋㅋㅋㅋ', 'N', '2018-01-23 18:52:06'),
	(59, 1, 694896745, '임채영', '응 안타 ㅅㄱ ', 'N', '2018-01-23 18:52:06'),
	(60, 8, 705770651, '문기완', '하고싶어요 같이', 'Y', '2018-01-23 19:35:51'),
	(61, 12, 694896745, '임채영', 'ㅇㅈㅇㅈ ㅆㅇㅈ', 'N', '2018-01-23 18:55:24'),
	(62, 1, 705770651, '문기완', '사기같네요', 'N', '2018-01-23 18:52:06'),
	(63, 13, 688273097, '최 혁', '차후 업데이트 하도록 하겠습니당', 'Y', '2018-01-23 19:04:10'),
	(64, 8, 688273097, '최 혁', 'ㄴㄴㄴㄴㄴㄴㄴㄴㄴㄴㄴㄴㄴㄴㄴㄴㄴㄴㄴㄴㄴㄴㄴㄴㄴㄴㄴㄴㄴㄴㄴㄴㄴㄴㄴㄴㄴㄴㄴㄴㄴㄴㄴㄴㄴㄴㄴㄴㄴㄴㄴㄴㄴㄴㄴㄴㄴㄴㄴㄴㄴㄴㄴㄴㄴㄴㄴㄴㄴㄴㄴㄴㄴㄴㄴㄴㄴㄴㄴㄴㄴㄴㄴㄴㄴㄴㄴㄴㄴㄴㄴㄴㄴㄴㄴㄴㄴㄴㄴㄴㄴㄴㄴㄴㄴㄴㄴㄴㄴㄴㄴㄴㄴㄴㄴㄴㄴㄴㄴㄴㄴㄴㄴㄴㄴㄴㄴㄴㄴㄴㄴㄴㄴㄴㄴㄴㄴㄴㄴㄴㄴㄴㄴㄴㄴㄴㄴㄴㄴㄴㄴㄴㄴㄴㄴㄴㄴㄴㄴㄴㄴㄴㄴㄴㄴㄴㄴㄴㄴㄴㄴㄴㄴㄴㄴㄴㄴㄴㄴㄴㄴㄴㄴㄴㄴㄴㄴㄴㄴㄴㄴㄴㄴㄴㄴㄴㄴㄴㄴㄴㄴㄴㄴㄴㄴㄴㄴㄴㄴㄴㄴㄴㄴㄴㄴㄴㄴㄴㄴㄴㄴㄴㄴㄴㄴㄴㄴㄴㄴㄴㄴㄴㄴㄴㄴㄴㄴㄴㄴㄴㄴㄴㄴㄴㄴㄴㄴㄴㄴㄴㄴㄴㄴㄴㄴㄴㄴㄴㄴㄴㄴㄴㄴㄴㄴㄴㄴㄴㄴㄴㄴㄴㄴㄴㄴㄴㄴㄴㄴㄴㄴㄴㄴㄴㄴㄴㄴㄴㄴㄴㄴㄴㄴㄴㄴㄴㄴㄴㄴㄴㄴㄴㄴㄴㄴㄴㄴㄴㄴㄴㄴㄴㄴㄴㄴㄴㄴㄴㄴㄴㄴㄴㄴㄴㄴㄴㄴㄴㄴㄴㄴㄴㄴㄴㄴㄴㄴㄴㄴㄴㄴㄴㄴㄴㄴㄴㄴㄴㄴㄴㄴㄴㄴㄴㄴㄴㄴㄴㄴㄴㄴㄴㄴㄴㄴㄴㄴㄴㄴㄴㄴㄴㄴㄴㄴㄴㄴㄴㄴㄴㄴㄴㄴㄴㄴㄴㄴㄴㄴㄴㄴㄴ', 'Y', '2018-01-23 19:35:51'),
	(80, 14, 688273097, '최 혁', '네네', 'N', '2018-01-24 10:29:05'),
	(81, 14, 688273097, '최 혁', '네네', 'N', '2018-01-24 10:29:05'),
	(115, 10, 688273097, '최 혁', '출장뷔페는 그닥인데... 출장바베큐 소한마리 어떠세요?', 'N', '2018-01-24 11:48:43'),
	(124, 15, 688273097, '최 혁', 'e2eqwe', 'Y', '2018-01-24 16:26:42'),
	(125, 15, 688273097, '최 혁', '댓글', 'Y', '2018-01-25 09:48:26'),
	(126, 9, 688273097, '최 혁', 'sad<br>asdas<br>a<br>a<br>ㅁ<br>ㅁ<br>ㅁ<br>ㅁ<br>ㅁ<br>ㅁ<br>', 'N', '2018-01-24 14:23:33'),
	(127, 9, 688273097, '최 혁', '수정되나요?', 'N', '2018-01-24 14:19:02'),
	(128, 9, 688273097, '최 혁', 'ㅇㄴㅁㅇㄴㅁㅇㄴㅁㅇㄴㅁㅇㄴㅇㄴㅁ', 'N', '2018-01-24 14:23:19'),
	(129, 15, 688273097, '최 혁', 'asdfafds', 'Y', '2018-01-25 09:48:31'),
	(130, 15, 688273097, '최 혁', 'dsadsad', 'Y', '2018-01-25 09:48:35'),
	(131, 14, 688273097, '최 혁', 's', 'N', '2018-01-24 16:48:32'),
	(132, 14, 688273097, '최 혁', 's', 'N', '2018-01-24 16:48:38'),
	(133, 14, 688273097, '최 혁', 's', 'N', '2018-01-24 16:48:45'),
	(134, 15, 688273097, '최 혁', 'sadsadsadsadsadsadsa<br>s<br>s<br>s<br>s<br>s<br>s<br>s<br>s<br>s', 'Y', '2018-01-25 09:48:39'),
	(135, 27, 688273097, '안재준', '제가 1차부터 39800차까지 모시겠습니다', 'N', '2018-01-24 20:18:00'),
	(136, 33, 688273097, '최 혁', '컴퓨터 공학과 사람 좋습니다. 수정할게요', 'Y', '2018-01-25 10:25:49'),
	(137, 32, 688273097, '최 혁', '수정하겠습니다', 'Y', '2018-01-25 16:30:34');
/*!40000 ALTER TABLE `comment` ENABLE KEYS */;

-- 테이블 hyeok.kakao 구조 내보내기
CREATE TABLE IF NOT EXISTS `kakao` (
  `no` int(11) NOT NULL AUTO_INCREMENT,
  `id` int(11) NOT NULL,
  `nickname` varchar(30) NOT NULL,
  `time` timestamp NOT NULL DEFAULT CURRENT_TIMESTAMP ON UPDATE CURRENT_TIMESTAMP,
  PRIMARY KEY (`no`,`id`)
) ENGINE=InnoDB AUTO_INCREMENT=13 DEFAULT CHARSET=utf8 COMMENT='카카오톡';

-- 테이블 데이터 hyeok.kakao:~11 rows (대략적) 내보내기
/*!40000 ALTER TABLE `kakao` DISABLE KEYS */;
INSERT INTO `kakao` (`no`, `id`, `nickname`, `time`) VALUES
	(1, 688273097, '최 혁', '2018-01-10 10:23:39'),
	(2, 694896745, '임채영', '2018-01-10 10:34:48'),
	(3, 694982805, '울', '2018-01-10 18:14:53'),
	(4, 690366944, '박소연', '2018-01-15 10:25:54'),
	(5, 699303911, '윤수', '2018-01-15 13:32:23'),
	(6, 699984990, '승준', '2018-01-16 12:18:16'),
	(7, 701932576, '홍유민', '2018-01-18 11:44:40'),
	(8, 705739749, '박기윤', '2018-01-23 17:24:13'),
	(9, 705770651, '문기완', '2018-01-23 18:02:52'),
	(10, 705781630, '백인호', '2018-01-23 18:17:08'),
	(11, 710248714, '김민지', '2018-01-29 14:43:41'),
	(12, 710260368, '근형', '2018-01-29 15:02:16');
/*!40000 ALTER TABLE `kakao` ENABLE KEYS */;

/*!40101 SET SQL_MODE=IFNULL(@OLD_SQL_MODE, '') */;
/*!40014 SET FOREIGN_KEY_CHECKS=IF(@OLD_FOREIGN_KEY_CHECKS IS NULL, 1, @OLD_FOREIGN_KEY_CHECKS) */;
/*!40101 SET CHARACTER_SET_CLIENT=@OLD_CHARACTER_SET_CLIENT */;
